-- MySQL dump 10.13  Distrib 5.6.24, for Win32 (x86)
--
-- Host: localhost    Database: websystique
-- ------------------------------------------------------
-- Server version	5.6.24

/*!40101 SET @OLD_CHARACTER_SET_CLIENT=@@CHARACTER_SET_CLIENT */;
/*!40101 SET @OLD_CHARACTER_SET_RESULTS=@@CHARACTER_SET_RESULTS */;
/*!40101 SET @OLD_COLLATION_CONNECTION=@@COLLATION_CONNECTION */;
/*!40101 SET NAMES utf8 */;
/*!40103 SET @OLD_TIME_ZONE=@@TIME_ZONE */;
/*!40103 SET TIME_ZONE='+00:00' */;
/*!40014 SET @OLD_UNIQUE_CHECKS=@@UNIQUE_CHECKS, UNIQUE_CHECKS=0 */;
/*!40014 SET @OLD_FOREIGN_KEY_CHECKS=@@FOREIGN_KEY_CHECKS, FOREIGN_KEY_CHECKS=0 */;
/*!40101 SET @OLD_SQL_MODE=@@SQL_MODE, SQL_MODE='NO_AUTO_VALUE_ON_ZERO' */;
/*!40111 SET @OLD_SQL_NOTES=@@SQL_NOTES, SQL_NOTES=0 */;

--
-- Table structure for table `app_user`
--

DROP TABLE IF EXISTS `app_user`;
/*!40101 SET @saved_cs_client     = @@character_set_client */;
/*!40101 SET character_set_client = utf8 */;
CREATE TABLE `app_user` (
  `id` bigint(20) NOT NULL AUTO_INCREMENT,
  `sso_id` varchar(30) NOT NULL,
  `password` varchar(100) NOT NULL,
  `first_name` varchar(30) NOT NULL,
  `last_name` varchar(30) NOT NULL,
  `email` varchar(30) NOT NULL,
  `state` varchar(30) NOT NULL,
  PRIMARY KEY (`id`),
  UNIQUE KEY `sso_id` (`sso_id`)
) ENGINE=MyISAM AUTO_INCREMENT=16 DEFAULT CHARSET=utf8;
/*!40101 SET character_set_client = @saved_cs_client */;

--
-- Dumping data for table `app_user`
--

LOCK TABLES `app_user` WRITE;
/*!40000 ALTER TABLE `app_user` DISABLE KEYS */;
INSERT INTO `app_user` VALUES (1,'sam','$2a$10$4eqIF5s/ewJwHK1p8lqlFOEm2QIA0S8g6./Lok.pQxqcxaBZYChRm','Sam','Smith','samy@xyz.com','Active'),(15,'d','$2a$10$uxJKePm3ePv3HM9eH3gEKO5rScn2fYlm/nFjpJZSA6f6uZU8EnvY.','d','d','d@d.com','Active'),(14,'b','$2a$10$th5xM6i9wb8QC7rPmbgzj.WNblVy0/AAIyMC1WC1u8sAXyTkkJT/e','b','b','b@b.com','Active'),(12,'aa','$2a$10$QAejcDjZ4uLRF7HoPUwLsemoR6g11bfG0RFxP7Iet9PX5B7EfEcZa','aa','aa','aa','Active');
/*!40000 ALTER TABLE `app_user` ENABLE KEYS */;
UNLOCK TABLES;

--
-- Table structure for table `app_user_profile`
--

DROP TABLE IF EXISTS `app_user_profile`;
/*!40101 SET @saved_cs_client     = @@character_set_client */;
/*!40101 SET character_set_client = utf8 */;
CREATE TABLE `app_user_profile` (
  `user_id` bigint(20) NOT NULL,
  `user_profile_id` bigint(20) NOT NULL,
  PRIMARY KEY (`user_id`,`user_profile_id`),
  KEY `FK_USER_PROFILE` (`user_profile_id`)
) ENGINE=MyISAM DEFAULT CHARSET=utf8;
/*!40101 SET character_set_client = @saved_cs_client */;

--
-- Dumping data for table `app_user_profile`
--

LOCK TABLES `app_user_profile` WRITE;
/*!40000 ALTER TABLE `app_user_profile` DISABLE KEYS */;
INSERT INTO `app_user_profile` VALUES (1,1),(1,2),(12,3),(14,1),(15,2);
/*!40000 ALTER TABLE `app_user_profile` ENABLE KEYS */;
UNLOCK TABLES;

--
-- Table structure for table `user_profile`
--

DROP TABLE IF EXISTS `user_profile`;
/*!40101 SET @saved_cs_client     = @@character_set_client */;
/*!40101 SET character_set_client = utf8 */;
CREATE TABLE `user_profile` (
  `profileid` int(11) NOT NULL AUTO_INCREMENT,
  `type` varchar(30) NOT NULL,
  PRIMARY KEY (`profileid`),
  UNIQUE KEY `type` (`type`)
) ENGINE=MyISAM AUTO_INCREMENT=4 DEFAULT CHARSET=utf8;
/*!40101 SET character_set_client = @saved_cs_client */;

--
-- Dumping data for table `user_profile`
--

LOCK TABLES `user_profile` WRITE;
/*!40000 ALTER TABLE `user_profile` DISABLE KEYS */;
INSERT INTO `user_profile` VALUES (1,'USER'),(2,'ADMIN'),(3,'DBA');
/*!40000 ALTER TABLE `user_profile` ENABLE KEYS */;
UNLOCK TABLES;
/*!40103 SET TIME_ZONE=@OLD_TIME_ZONE */;

/*!40101 SET SQL_MODE=@OLD_SQL_MODE */;
/*!40014 SET FOREIGN_KEY_CHECKS=@OLD_FOREIGN_KEY_CHECKS */;
/*!40014 SET UNIQUE_CHECKS=@OLD_UNIQUE_CHECKS */;
/*!40101 SET CHARACTER_SET_CLIENT=@OLD_CHARACTER_SET_CLIENT */;
/*!40101 SET CHARACTER_SET_RESULTS=@OLD_CHARACTER_SET_RESULTS */;
/*!40101 SET COLLATION_CONNECTION=@OLD_COLLATION_CONNECTION */;
/*!40111 SET SQL_NOTES=@OLD_SQL_NOTES */;

-- Dump completed on 2017-01-03 15:32:29
